Bark Lake ,Baskatong ,Cabonga ,Carillon et Hull ,Chelsea ,Chenaux et Noire ,Chute-des-Chats ,Des Joachims ,Dozois ,High Falls ,Kamaniskeg ,Kiamika ,Kipawa ,Lac Temiscamingue a Angliers ,Lac Victoria et lac Granet ,Lac des Quinze ,Lac du poisson blanc ,Lady Evelyn ,Lower Notch et Indian Chute ,Madawaska-Arnprior ,Maniwaki ,Masson ,Mistinikon ,Mitchinamecus ,Mont-Laurier ,Mountain Chute ,Otto Holden ,Paugan ,Rabbit Lake ,Rapide 2 ,Rapide 7 ,Riviere Blanche ,Riviere Bonnechere ,Riviere Coulonge ,Riviere Dumoine ,Riviere Kinojevis ,Riviere Mattawa ,Riviere Mississippi ,Riviere Petawawa ,Riviere Petite Nation ,Riviere Rideau ,Riviere Rouge ,Riviere South Nation
19.222,103.37,23.391,57.975,5.6606,42.076,8.041,20.057,64.065,8.459,21.909,8.767,31.428,22.735,8.0414,38.177,18.646,4.3549,15.166,6.1116,20.384,5.758,7.5056,7.9649,46.379,9.2422,8.5437,14.201,1.8467,3.0725,11.767,8.199,15.184,40.078,31.644,18.333,11.137,12.754,28.833,14.552,12.848,62.905,10.048
19.894,102.24,23.234,65.354,6.0154,40.749,7.934,19.96,63.375,8.332,23.294,8.599,31.279,22.308,8.1246,37.945,18.771,4.3158,15.021,6.5548,20.037,5.683,7.4781,8.1027,45.174,9.8897,8.8148,13.988,1.8749,3.038,12.29,8.105,15.98,39.628,31.262,18.019,11.388,12.534,28.429,14.182,12.614,61.773,9.568
29.309,107.07,27.161,89.106,6.9277,42.455,11.028,20.651,64.108,8.896,29.535,8.538,31.22,21.924,9.5401,37.763,21.374,4.2781,14.879,7.5932,41.367,6.295,7.4512,12.559,57.209,11.376,9.7424,20.759,1.9673,3.0033,14.902,8.029,25.281,40.637,30.976,17.762,17.441,16.874,30.252,15.775,25.416,63.829,89.711
47.582,155.26,29.281,131.47,8.2459,62.179,14.627,22.481,65.231,11.956,42.864,10.21,31.587,21.591,11.246,37.614,29.958,4.248,14.758,9.0789,70.146,8.366,7.4262,29.125,104.7,12.916,10.447,32.155,2.0699,2.9732,17.012,7.976,34.826,44.942,30.73,17.535,23.984,27.046,33.454,27.354,47.341,85.849,290.27
57.207,173,34,145.37,9.4093,78.581,15.713,24.881,66.578,14.84,55.078,12.011,33.266,21.279,12.173,37.471,34.813,4.2272,14.642,10.541,83.767,10.119,7.4031,21.325,148.64,13.819,10.687,39.3,2.1955,2.9451,18.038,7.925,37.817,52,30.458,17.313,26.04,35,15,40.406,42,128,192
56.617,182,23,138.52,10.139,93.787,14.902,27.188,68.069,15.704,59.341,13.324,33.973,20.984,12.428,37.332,36.372,4.2365,14.529,11.685,82.686,10.583,7.3812,19.971,160.61,14.116,10.795,41.29,2.3282,2.9181,18.348,7.876,35.754,52,30.226,17.096,25.553,36,16,43.08,48,128,93
53.273,247,18,125.8,10.54,108.64,13.551,29.148,69.325,15.631,58.04,14.111,30.674,20.706,12.337,37.195,36.688,4.2838,14.419,12.454,76.737,10.389,7.3611,18.043,155.66,14.109,11.016,41.067,2.4226,2.8931,18.258,7.829,31.825,52,30.111,16.884,25.019,35,16,39.807,62,128,62
50.542,191,18,114.08,10.777,120.38,12.411,30.705,70.094,15.563,55.8,14.252,30.914,20.444,12.123,37.061,36.794,4.3417,14.311,12.907,70.599,10.01,7.342,16.958,144.13,14.029,11.308,40.078,2.4603,2.8691,17.953,7.783,27.998,48,30.068,16.676,25.076,34,15,34.326,62,128,49
48.827,186,17,104.53,10.921,127.4,11.72,31.864,70.331,15.549,55.535,13.901,36.334,20.196,11.893,36.929,36.956,4.3788,14.207,13.151,64.938,9.557,7.3231,15.044,129.75,14.003,11.525,38.619,2.4513,2.8461,17.54,7.738,25.138,48,29.993,16.472,25.099,37,15,29.22,52,128,42
49.178,146,26,96.838,10.981,129.86,12.163,32.641,70.13,15.347,57.92,13.318,39.548,19.964,11.678,36.801,37.133,4.3841,14.105,13.325,59.576,9.058,7.3054,14.004,114.92,14.173,11.59,36.806,2.4146,2.8251,17.087,7.695,24.532,44,29.832,16.274,25.298,38,15,26.017,62,128,35
49.251,117,35,90.743,10.956,128.94,12.697,33.061,69.63,14.902,61.367,12.69,40.841,19.759,11.479,36.676,37.238,4.3636,14.013,13.53,54.643,8.573,7.291,13.046,101.65,14.607,11.513,34.84,2.3658,2.8051,16.633,7.668,24.62,40,29.601,16.082,25.114,40,15,25.403,58,128,28
50.199,147,42,86.185,10.873,125.79,12.936,33.118,68.937,14.395,65.245,12.109,45.893,19.566,11.274,36.551,37.309,4.3275,13.924,13.879,50.373,8.211,7.277,13.002,90.879,15.535,11.337,33.227,2.3136,2.786,16.184,7.641,25.838,40,29.321,15.893,24.118,38,15,27.187,58,128,25
68.622,70,33,83.337,10.792,121.25,18.551,32.752,68.021,14.116,74.324,12.111,49.481,19.386,10.939,36.428,38.008,4.2849,13.837,14.568,45.297,8.093,7.2631,13.002,80.907,17.597,11.099,32.363,2.2617,2.7671,15.693,7.615,43.73,37,29.012,15.708,27.439,36,16,30.85,60,128,24
82.407,207,38,83.057,10.756,115.33,22.227,31.885,67.096,13.717,83.933,12.084,56.351,19.217,10.685,36.306,37.998,4.2422,13.752,15.322,44.738,8.068,7.25,13.044,71.169,19.854,10.88,32.604,2.2149,2.75,15.328,7.589,59.864,37,28.702,15.526,32.828,46,16,37.843,90,128,24
84.502,178,32,82.224,10.72,109.84,22.144,30.718,66.216,13.62,87.679,12.275,49.127,19.058,10.455,36.185,37.235,4.2018,13.669,15.85,44.123,8.184,7.237,13.958,69.242,21.156,10.675,32.737,2.172,2.7331,15.011,7.564,63.004,37,28.396,15.348,34.416,45,17,44.203,157,128,58
81.44,143,28,80.648,10.654,104.71,20.367,29.522,65.379,13.511,86.228,12.401,47.366,18.91,10.242,36.065,36.343,4.1646,13.587,16.069,43.178,8.194,7.224,14.044,67.446,21.577,10.483,32.611,2.1325,2.717,14.723,7.539,58.383,37,28.095,15.174,33.373,45,18,44.612,151,101,73
78.296,129,15,79.167,10.593,99.916,18.353,28.373,64.58,13.556,83.445,12.336,42.118,18.77,10.044,35.945,35.458,4.1305,13.507,16.026,42.327,8.201,7.211,15.002,65.955,21.584,10.3,32.423,2.0959,2.7011,14.458,7.514,51.583,37,27.798,15.003,31.743,52,19,41.883,184,101,67
75.986,124,11,77.964,10.553,95.441,16.742,27.288,63.816,13.685,82.259,12.086,40.996,18.638,9.8579,35.823,34.589,4.0992,13.427,15.804,41.482,8.2,7.1979,15.998,64.574,21.456,10.129,32.056,2.062,2.6869,14.214,7.488,45.499,37,27.504,14.834,30.415,43,19,38.001,158,101,60
73.874,187,10,76.8,10.516,91.259,15.671,26.268,63.086,13.733,83,11.738,34.575,18.513,9.6847,35.7,33.717,4.0702,13.348,15.49,40.5,8.147,7.184,16.956,63.057,21.231,9.9687,31.433,2.0307,2.6721,13.988,7.462,41.049,34,27.213,14.666,29.225,49,19,34.377,158,101,58
71.382,153,13,75.524,10.454,87.334,15.013,25.308,62.385,13.627,84.179,11.364,35.534,18.395,9.5226,35.575,32.824,4.0433,13.269,15.17,39.386,8.037,7.1698,17.042,61.369,20.879,9.8223,30.6,2.0019,2.658,13.778,7.435,38.104,34,26.924,14.499,27.802,46,19,31.915,177,101,44
68.602,147,15,74.174,10.353,83.647,14.589,24.406,61.711,13.396,84.38,11.005,42.494,18.282,9.3715,35.447,31.904,4.0188,13.19,14.946,38.221,7.895,7.1541,17.956,59.609,20.425,9.6983,29.656,1.9757,2.644,13.585,7.407,36.376,31,26.635,14.334,26.347,42,18,31.107,177,101,35
65.557,126,22,72.894,10.225,80.185,14.368,23.556,61.065,13.09,82.877,10.678,48.784,18.174,9.2309,35.317,30.952,3.996,13.111,14.968,37.084,7.737,7.1388,17.998,57.875,19.925,9.6209,28.649,1.9519,2.6301,13.407,7.378,35.333,31,26.349,14.169,24.893,42,19,31.915,151,101,31
61.712,167,28,71.926,10.102,76.941,13.897,22.758,60.444,12.732,79.342,10.336,53.465,18.073,9.103,35.185,29.935,3.9749,13.033,15.333,35.807,7.564,7.122,18.002,56.198,19.477,9.6535,27.514,1.9321,2.617,13.251,7.348,33.578,29,26.066,14.007,22.806,44,21,33.69,133,101,29
59.234,142,29,71.79,10.068,73.896,13.632,22.007,59.845,12.436,75.999,10.087,57.437,17.975,9.0156,35.051,28.73,3.9554,12.956,16.056,34.878,7.437,7.1053,18.044,54.6,19.45,9.9629,26.701,1.9182,2.6041,13.144,7.318,33.116,29,25.785,13.846,21.857,43,22,34.563,129,101,26
58.943,84,34,73.951,10.255,71.04,14.871,21.304,59.806,12.159,74.688,9.856,60.664,17.883,9.2085,34.945,27.577,3.9386,12.89,17.161,34.21,7.331,7.091,18.956,53.158,20.119,10.989,25.946,1.9157,2.5932,13.203,7.295,35.914,29,25.715,13.704,27.95,50,22,33.104,122,101,25
60.759,133,42,82.206,10.857,69.786,18.747,20.655,60.087,12.212,78.06,9.65,62.122,17.814,9.5397,34.847,26.54,3.9228,12.827,18.798,36.377,7.683,7.0768,18.998,60.901,21.928,11.761,28.85,1.925,2.585,13.328,7.28,38.745,34,25.748,13.587,35.06,56,25,39.046,225,101,177
61.175,85,30,84.864,11.551,69.078,20.723,20.046,60.765,12.329,82.05,9.471,55.799,17.749,9.7945,34.746,25.661,3.9086,12.764,20.563,38.922,8.103,7.061,19,69.996,23.862,12.009,32.34,1.9528,2.577,13.501,7.264,39.363,34,25.636,13.469,36.855,58,25,47.242,228,101,249
59.893,300,24,83.05,11.966,70.012,20.252,19.473,61.686,12.23,82.049,9.337,55.828,17.687,9.9513,34.642,24.884,3.8956,12.701,22.014,39.579,8.192,7.0451,18.998,72.53,25.024,12.089,33.431,1.9898,2.569,13.673,7.246,38.179,34,25.549,13.352,35.136,58,25,48.457,180,101,267
58.837,362,20,80.058,12.09,72.022,19.298,18.935,62.507,12.077,79.639,9.23,55.629,17.629,10.036,34.54,24.174,3.8835,12.641,22.967,39.426,8.115,7.0299,18.956,71.234,25.725,12.277,33.224,2.0179,2.5611,13.789,7.228,36.439,34,25.691,13.236,32.738,57,26,45.594,151,101,126
58.326,207,17,77.402,12.044,73.797,18.158,18.426,63.008,12.036,77.378,9.118,54.94,17.574,10.072,34.437,23.506,3.8725,12.581,23.402,39.178,8.023,7.0138,18.042,68.529,26.201,12.54,32.631,2.0289,2.5539,13.827,7.21,34.809,31,25.988,13.122,30.888,58,26,41.134,115,101,104
57.844,207,12,75.178,11.918,74.579,17.044,17.943,63.139,12.063,76.458,8.991,52.846,17.522,10.072,34.33,22.869,3.8622,12.52,23.376,38.762,7.921,6.9961,17.956,65.131,26.424,12.732,31.869,2.0245,2.546,13.794,7.19,33.52,31,26.216,13.006,29.411,62,26,36.794,71,101,85
56.963,174,14,73.189,11.741,74.253,16.196,17.485,62.958,12.042,76.803,8.855,49.226,17.472,10.041,34.219,22.254,3.8524,12.459,22.981,38.036,7.789,6.9788,16.998,61.484,26.465,12.774,30.95,2.0104,2.5381,13.708,7.168,32.573,31,26.259,12.89,27.939,63,27,33.635,28,49,60
55.592,174,17,71.363,11.514,73.048,15.674,17.05,62.553,11.928,77.514,8.718,44.581,17.423,9.9865,34.106,21.66,3.8434,12.397,22.32,37.063,7.634,6.96,16,58.048,26.377,12.672,29.928,1.9914,2.5309,13.59,7.146,31.886,31,26.132,12.774,26.405,63,27,32.205,28,49,39
53.847,177,15,69.703,11.236,71.265,15.417,16.636,62.009,11.744,77.718,8.586,44.676,17.378,9.9084,33.991,21.085,3.8351,12.335,21.487,35.995,7.477,6.9409,15,55.097,26.14,12.473,28.888,1.9706,2.523,13.456,7.122,31.348,31,25.901,12.657,24.918,62,27,32.498,28,49,28
51.819,139,16,68.2,10.91,69.165,15.243,16.242,61.34,11.529,76.784,8.459,43.017,17.333,9.7858,33.873,20.529,3.8271,12.273,20.548,34.927,7.333,6.9212,14,52.683,25.705,12.211,27.901,1.9496,2.515,13.31,7.098,30.679,31,25.593,12.541,22.608,58,27,33.956,28,49,16
49.708,140,17,66.789,10.538,66.876,14.923,15.867,60.611,11.268,74.41,8.338,40.059,17.291,9.6419,33.752,19.987,3.8193,12.21,19.543,33.592,7.142,6.9028,13,49.452,25.053,11.972,26.499,1.9296,2.507,13.167,7.072,30.154,31,25.294,12.424,21.784,58,27,34.544,28,49,12
47.736,111,14,65.657,10.204,64.462,14.728,15.507,59.912,11.071,71.472,8.224,42.472,17.249,9.5042,33.627,19.431,3.8121,12.148,18.543,32.869,7.054,6.883,12,48.356,24.365,11.751,25.847,1.9106,2.4989,13.032,7.045,29.506,31,24.999,12.306,21.034,57,27,33.065,28,49,12
45.871,127,12,64.653,9.9009,62.187,14.553,15.163,59.24,10.886,68.271,8.116,42.864,17.208,9.3743,33.499,18.902,3.8051,12.084,17.572,32.186,6.969,6.8629,11,47.32,23.63,11.542,25.24,1.8926,2.4901,12.906,7.017,28.871,29,24.707,12.188,20.354,58,27,31.709,28,49,10
44.101,106,14,63.72,9.6223,60.034,14.353,14.832,58.593,10.711,64.92,8.014,40.427,17.167,9.2531,33.367,18.405,3.7983,12.019,16.644,31.538,6.887,6.8419,10.002,46.338,22.86,11.344,24.675,1.8758,2.4819,12.787,6.988,28.259,29,24.418,12.068,19.735,55,27,30.447,28,49,9
42.423,118,15,62.838,9.3654,57.999,14.115,14.515,57.97,10.547,61.563,7.916,42.527,17.127,9.1392,33.232,17.939,3.7922,11.954,15.773,30.923,6.808,6.82,9.046,45.407,22.109,11.157,24.149,1.86,2.473,12.677,6.957,27.671,26,24.133,11.948,19.173,54,27,29.175,28,49,8
40.833,129,17,61.997,9.1281,56.08,13.889,14.212,57.371,10.391,58.395,7.823,42.677,17.088,9.0332,33.096,17.503,3.7863,11.89,14.977,30.341,6.732,6.7981,9.0021,44.526,21.388,10.98,23.659,1.8457,2.4641,12.574,6.926,27.106,26,23.853,11.829,18.666,50,27,27.988,28,49,7
39.323,82,15,61.195,8.9094,54.269,13.673,13.921,56.794,10.246,55.462,7.734,39.754,17.051,8.935,32.959,17.095,3.7811,11.833,14.278,29.791,6.659,6.7769,9.0001,43.691,20.702,10.814,23.209,1.8325,2.4559,12.479,6.895,26.564,24,23.588,11.711,18.207,47,27,26.884,28,49,5
37.892,118,15,60.433,8.7069,52.563,13.466,13.643,56.237,10.108,52.754,7.649,40.475,17.015,8.8438,32.82,16.717,3.7761,11.777,13.668,29.27,6.589,6.755,8.9999,42.912,20.052,10.656,22.79,1.8202,2.447,12.391,6.863,26.043,24,23.328,11.593,17.79,46,27,25.853,28,49,5
36.534,78,14,59.704,8.5196,50.951,13.268,13.376,55.7,9.979,50.254,7.568,39.177,16.979,8.7579,32.678,16.362,3.7712,11.72,13.118,28.776,6.522,6.7329,8.998,42.174,19.436,10.507,22.401,1.8087,2.438,12.309,6.829,25.542,22,23.07,11.476,17.411,46,27,24.889,28,49,5
35.245,87,14,59.006,8.3459,49.425,13.078,13.118,55.181,9.857,47.946,7.49,43.407,16.943,8.6777,32.535,16.03,3.7669,11.662,12.605,28.307,6.457,6.71,8.9561,41.474,18.853,10.365,22.038,1.7978,2.4289,12.232,6.796,25.059,22,22.816,11.358,17.068,49,27,23.988,28,49,5
34.022,59,15,58.335,8.185,47.979,12.895,12.87,54.678,9.741,45.815,7.415,52.146,16.908,8.6018,32.389,15.716,3.7622,11.605,12.113,27.875,6.394,6.687,8.0438,40.809,18.301,10.23,21.701,1.7873,2.4191,12.159,6.761,24.595,20,22.564,11.241,16.756,56,27,23.145,28,49,4
32.861,81,15,57.69,8.0357,46.609,12.72,12.631,54.192,9.633,43.849,7.342,51.814,16.874,8.5316,32.242,15.42,3.758,11.547,11.636,27.467,6.334,6.6639,7.9999,40.176,17.779,10.102,21.387,1.7777,2.41,12.09,6.726,24.149,20,22.316,11.126,16.474,44,27,22.356,28,38,4
31.759,113,16,57.07,7.8974,45.312,12.553,12.402,53.734,9.53,42.035,7.272,48.59,16.84,8.4656,32.095,15.142,3.7538,11.491,11.171,27.081,6.275,6.6401,7.9542,39.575,17.284,9.9808,21.095,1.7685,2.401,12.025,6.691,23.72,20,22.072,11.011,16.218,39,27,21.617,28,38,4
30.713,73,18,56.472,7.7689,44.081,12.391,12.18,53.29,9.433,40.36,7.204,50.116,16.807,8.4036,31.945,14.878,3.7492,11.434,10.718,26.714,6.219,6.6168,6.9999,39.003,16.816,9.8652,20.823,1.7597,2.3919,11.964,6.656,23.306,20,21.831,10.897,15.986,38,27,20.924,28,38,4
29.72,101,27,55.897,7.6495,42.913,12.237,11.965,52.858,9.342,38.812,7.138,50.472,16.774,8.3456,31.795,14.628,3.745,11.377,10.275,26.367,6.165,6.5921,6.0439,38.458,16.372,9.755,20.57,1.7514,2.382,11.906,6.62,22.908,20,21.594,10.784,15.775,39,27,20.273,28,38,4
28.777,20,21,55.342,7.5387,41.799,12.088,11.756,52.437,9.256,37.38,7.073,48.804,16.74,8.2913,31.641,14.391,3.7407,11.32,9.8385,26.035,6.113,6.5678,5.9582,37.937,15.951,9.6497,20.333,1.7433,2.372,11.85,6.583,22.523,20,21.357,10.67,15.583,60,27,19.662,28,38,4
27.88,111,20,54.804,7.4355,40.726,11.944,11.551,52.025,9.174,36.052,7.01,45.554,16.705,8.2394,31.484,14.165,3.7359,11.26,9.4058,25.718,6.062,6.5419,5.044,37.439,15.551,9.5492,20.111,1.7353,2.362,11.796,6.544,22.152,20,21.121,10.556,15.408,63,27,19.087,28,38,4
27.026,62,20,54.282,7.3395,39.694,11.805,11.349,51.622,9.097,34.821,6.949,40.391,16.669,8.1904,31.324,13.949,3.731,11.199,8.9811,25.414,6.013,6.515,5.002,36.962,15.172,9.453,19.903,1.7276,2.352,11.744,6.504,21.794,20,20.886,10.44,15.248,58,27,18.544,28,38,5
26.214,42,17,53.776,7.2502,38.705,11.67,11.152,51.228,9.023,33.679,6.888,39.716,16.633,8.1443,31.161,13.743,3.726,11.137,8.5752,25.124,5.966,6.488,5.0001,36.505,14.811,9.3608,19.709,1.7203,2.3419,11.694,6.463,21.448,20,20.653,10.323,15.102,59,27,18.032,28,38,5
25.443,57,16,53.286,7.1669,37.758,11.541,10.959,50.842,8.954,32.618,6.828,37.342,16.595,8.1003,30.996,13.547,3.7209,11.075,8.2051,24.847,5.92,6.4609,5.0001,36.066,14.469,9.2724,19.526,1.7131,2.331,11.645,6.422,21.115,20,20.421,10.208,14.969,58,27,17.55,28,38,5
24.708,89,17,52.81,7.0892,36.852,11.419,10.771,50.464,8.889,31.634,6.77,39.392,16.558,8.0584,30.83,13.359,3.7158,11.011,7.8852,24.583,5.876,6.4329,5.002,35.646,14.146,9.1875,19.355,1.7061,2.32,11.598,6.38,20.793,20,20.192,10.092,14.847,51,27,17.098,28,38,5
24.009,42,14,52.347,7.0165,35.979,11.302,10.586,50.093,8.827,30.719,6.713,39.312,16.519,8.0192,30.661,13.179,3.7101,10.947,7.6202,24.328,5.833,6.404,5.0439,35.241,13.839,9.1061,19.194,1.699,2.309,11.552,6.337,20.482,20,19.963,9.976,14.736,38,27,16.67,28,38,4
23.344,57,12,51.896,6.9488,35.136,11.188,10.405,49.727,8.768,29.867,6.656,36.999,16.479,7.9813,30.49,13.006,3.7047,10.881,7.4073,24.084,5.791,6.375,5.9561,34.852,13.549,9.0279,19.043,1.6921,2.2979,11.507,6.292,20.181,20,19.736,9.86,14.633,38,26,16.264,28,38,4
22.71,83,14,51.458,6.8855,34.323,11.078,10.229,49.368,8.712,29.074,6.6,38.656,16.439,7.9453,30.316,12.839,3.6989,10.815,7.2394,23.849,5.751,6.3459,5.998,34.476,13.273,8.9525,18.9,1.6851,2.2861,11.463,6.248,19.89,20,19.51,9.744,14.538,35,26,15.88,28,38,4
22.105,22,17,51.03,6.8262,33.541,10.972,10.057,49.014,8.659,28.335,6.545,38.534,16.397,7.9112,30.142,12.678,3.6927,10.748,7.1073,23.623,5.712,6.316,5.9999,34.114,13.012,8.8797,18.765,1.6782,2.2749,11.42,6.202,19.609,20,19.286,9.628,14.451,34,25,15.515,28,36,3
21.53,66,15,50.612,6.7706,32.79,10.871,9.8894,48.667,8.609,27.646,6.491,41.766,16.356,7.8783,29.965,12.524,3.6862,10.681,7.0029,23.406,5.674,6.2859,6,33.765,12.767,8.8097,18.638,1.6714,2.263,11.378,6.156,19.337,20,19.064,9.513,14.37,35,25,15.171,28,36,3
20.982,25,14,50.205,6.7185,32.06,10.773,9.7278,48.323,8.561,27.004,6.437,42.042,16.312,7.8471,29.787,12.375,3.6799,10.613,6.9192,23.197,5.637,6.255,6,33.427,12.541,8.7424,18.518,1.6649,2.251,11.336,6.11,19.074,20,18.842,9.398,14.295,42,24,14.844,54.212,36,3
20.459,63,18,49.807,6.6699,31.36,10.678,9.5728,47.982,8.516,26.407,6.384,39.727,16.268,7.8163,29.607,12.231,3.6733,10.543,6.8508,22.994,5.601,6.2239,6,33.099,12.342,8.6776,18.403,1.6584,2.239,11.295,6.062,18.819,20,18.621,9.283,14.225,38,24,14.532,54.212,36,3
19.961,60,19,49.42,6.6244,30.686,10.587,9.4292,47.647,8.473,25.867,6.331,42.344,16.223,7.7875,29.426,12.093,3.6674,10.474,6.7958,22.798,5.567,6.1925,6.0001,32.782,12.182,8.6155,18.294,1.6521,2.2269,11.257,6.014,18.578,20,18.403,9.169,14.165,58,23,14.234,54.212,36,3
19.497,64,17,49.049,6.5824,30.154,10.499,9.3147,47.341,8.432,25.425,6.281,42.768,16.192,7.7622,29.261,11.968,3.6621,10.413,6.7514,22.627,5.534,6.165,6.002,32.488,12.091,8.5578,18.198,1.6466,2.2141,11.221,5.973,18.346,20,18.207,9.056,14.11,66,23,13.952,54.212,36,3
19.062,44,16,48.687,6.5433,29.635,10.414,9.2098,47.038,8.392,25.192,6.232,41.562,16.159,7.7381,29.095,11.848,3.6569,10.353,6.7187,22.46,5.502,6.1379,6.044,32.202,12.124,8.503,18.106,1.6415,2.2021,11.186,5.932,18.129,20,18.012,8.945,14.059,61,23,13.682,54.212,36,3
18.701,38,16,48.334,6.5067,29.133,10.703,9.1113,46.74,8.355,25.596,6.185,45.069,16.14,7.715,28.947,11.732,3.6517,10.296,6.7032,22.301,5.471,6.11,6.9582,31.93,12.397,8.4501,18.018,1.6368,2.191,11.152,5.899,17.986,18,17.82,8.834,14.01,50,22,13.424,54.212,36,3
18.355,77,17,47.988,6.4723,28.747,10.889,9.0151,46.446,8.319,26.157,6.142,46.021,16.127,7.6922,28.811,11.62,3.6459,10.239,6.7107,22.147,5.44,6.082,7.0439,31.666,12.699,8.3994,17.935,1.6319,2.1799,11.118,5.865,17.857,18,17.63,8.725,13.965,47,22,13.177,54.212,36,6
18.027,27,14,47.648,6.4398,28.366,10.844,8.919,46.153,8.284,26.276,6.098,44.354,16.113,7.671,28.673,11.51,3.64,10.182,6.7347,21.998,5.411,6.0539,7.9999,31.408,12.841,8.3502,17.855,1.627,2.1681,11.084,5.83,17.704,18,17.44,8.618,13.922,50,22,12.94,54.212,36,6
17.748,54,11,47.314,6.409,27.989,10.708,8.823,45.863,8.251,26.064,6.055,40.509,16.097,7.65,28.532,11.402,3.634,10.124,6.7619,21.852,5.382,6.0251,8.9542,31.156,12.857,8.3022,17.778,1.622,2.1569,11.049,5.794,17.54,18,17.251,8.512,13.88,40,22,12.712,54.212,36,7
17.512,43,13,46.985,6.3797,27.618,10.582,8.727,45.575,8.219,25.923,6.011,41.308,16.081,7.6291,28.39,11.297,3.6279,10.065,6.7806,21.71,5.354,5.9969,8.9998,30.91,12.834,8.2555,17.704,1.6171,2.1451,11.015,5.758,17.381,18,17.064,8.407,13.841,39,21,12.493,54.212,36,7
17.286,27,13,46.661,6.3516,27.254,10.506,8.6311,45.29,8.188,26.109,5.968,39.868,16.063,7.6091,28.246,11.194,3.6218,10.006,6.7843,21.573,5.327,5.968,9.0418,30.669,12.801,8.2102,17.634,1.6121,2.1339,10.98,5.722,17.23,18,16.878,8.303,13.803,41,21,12.283,54.212,36,17.425
17.048,10,13,46.343,6.3247,26.895,10.483,8.5353,45.008,8.159,26.546,5.925,35.607,16.045,7.59,28.101,11.092,3.6151,9.9461,6.7708,21.439,5.3,5.9389,9.9122,30.434,12.742,8.1661,17.566,1.6073,2.122,10.947,5.686,17.089,18,16.693,8.201,13.767,83.254,21,12.081,54.212,36,17.425
16.792,59,13,46.028,6.2991,26.542,10.497,8.4401,44.728,8.13,26.977,5.881,34.798,16.025,7.571,27.955,10.993,3.6088,9.8868,6.742,21.308,5.275,5.9091,9.0398,30.204,12.637,8.123,17.5,1.6027,2.11,10.913,5.648,16.952,18,16.51,8.1,13.732,83.254,21,11.885,54.212,36,19.361
16.523,17,13,45.718,6.2745,26.195,10.529,8.3451,44.449,8.102,27.188,5.838,31.073,16.005,7.552,27.807,10.896,3.6019,9.8261,6.7012,21.183,5.249,5.8799,8.958,29.978,12.485,8.081,17.436,1.5979,2.098,10.88,5.611,16.819,18,16.328,8,13.698,85.191,20,11.697,54.212,47,19.361
16.25,60,12,45.412,6.251,25.852,10.564,8.2503,44.173,8.076,27.102,5.795,30.092,15.983,7.5331,27.658,10.801,3.5949,9.7659,6.6525,21.061,5.225,5.8501,8.0419,29.757,12.298,8.04,17.374,1.5931,2.086,10.846,5.573,16.686,18,16.148,7.902,13.664,85.191,20,11.514,54.212,47,23.234
15.977,71,10,45.109,6.2285,25.514,10.567,8.1561,43.899,8.05,26.707,5.752,31.88,15.96,7.515,27.507,10.708,3.5878,9.7049,6.6001,20.942,5.201,5.8209,7.9581,29.54,12.09,8,17.314,1.5884,2.074,10.812,5.535,16.545,18,15.969,7.805,13.631,85.191,19,11.337,54.212,47,23.234
15.71,7,12,44.811,6.207,25.18,10.479,8.0637,43.626,8.025,26.171,5.709,30.861,15.936,7.4972,27.355,10.617,3.5802,9.6431,6.5494,20.824,5.177,5.7911,7.0419,29.326,11.913,7.9619,17.254,1.5839,2.062,10.778,5.496,16.38,16,15.791,7.709,13.598,90.999,19,11.166,54.212,47,23.234
15.454,79,13,44.517,6.187,24.851,10.394,7.9775,43.355,8,25.627,5.666,32.305,15.911,7.4809,27.202,10.529,3.5732,9.5816,6.5102,20.71,5.154,5.7619,6.9581,29.116,11.781,7.9278,17.196,1.5801,2.0501,10.743,5.458,16.222,16,15.62,7.615,13.566,85.191,19,10.999,54.212,47,19.361
15.213,30,14,44.228,6.1689,24.53,10.312,7.8937,43.093,7.976,25.108,5.627,30.182,15.891,7.4641,27.058,10.442,3.5664,9.524,6.4957,20.598,5.131,5.7321,6.044,28.914,11.723,7.9015,17.139,1.5777,2.0401,10.709,5.425,16.126,16,15.451,7.534,13.534,77.446,19,10.837,54.212,47,17.425
14.982,44,10,43.94,6.1534,24.292,10.232,7.8111,42.832,7.953,24.626,5.588,30.946,15.871,7.4479,26.913,10.358,3.5603,9.466,6.5271,20.488,5.109,5.703,6.0021,28.714,11.803,7.8938,17.083,1.5784,2.0321,10.677,5.4,16.42,16,15.283,7.472,13.593,73.574,19,10.68,54.212,47,13.553
14.761,34,11,43.656,6.1427,24.056,10.154,7.7286,42.574,7.93,24.199,5.549,35.609,15.849,7.4314,26.768,10.274,3.5565,9.4082,6.6425,21.389,5.088,5.6739,6.0022,28.518,12.148,7.9345,17.028,1.5859,2.025,10.647,5.374,17.206,16,15.117,7.426,14.234,77.446,19,10.529,54.212,47,19.361
14.552,37,14,43.375,6.1411,23.822,10.236,7.6472,42.316,7.908,23.886,5.51,37.107,15.827,7.4179,26.622,10.192,3.5628,9.3518,6.9113,25.11,5.066,5.6441,6.046,28.324,13.017,8.1007,17.014,1.6087,2.0181,10.637,5.348,18.851,16,14.953,7.386,15.422,79.382,19,10.474,54.212,47,29.042
14.379,11,11,43.098,6.1566,23.59,10.814,7.5662,42.06,7.886,23.898,5.471,36.099,15.805,7.4239,26.475,10.112,3.6039,9.3005,7.4607,29.874,5.045,5.615,7.002,28.133,14.717,8.546,17.325,1.665,2.012,10.705,5.321,21.256,16,14.789,7.346,16.43,77.446,19,10.532,54.212,47,32.915
14.429,13,10,42.828,6.2051,23.36,11.513,7.4855,41.806,7.864,24.792,5.432,39.193,15.781,7.5975,26.328,10.037,3.7707,9.2959,8.455,33.201,5.025,5.5857,7.9981,28.021,17.481,9.6239,17.801,1.7954,2.0063,11.106,5.295,24.239,16,14.628,7.305,18.602,75.51,20,10.558,54.212,47,36.787
16.291,12,13,42.572,6.3172,23.132,14.999,7.4056,41.63,7.843,28.616,5.394,47.837,15.889,9.2169,26.181,9.9851,4.3871,9.668,10.06,55.398,5.054,5.5624,8.9561,28.384,42.504,12.377,19.405,2.0897,2.0041,12.918,5.267,62.894,16,14.468,7.263,57.546,77.446,21,10.485,63.893,47,36.787
18.37,45,20,42.353,6.5535,25.473,41.647,7.3267,42.212,7.839,67.467,5.355,61.559,16.103,11.564,26.033,10.066,5.1185,10.188,23.78,167.74,5.349,5.5425,9.0439,34.451,52.777,14.85,27.236,2.3778,2.0041,15.1,5.24,79.076,16,14.327,7.221,82.84,81.318,22,10.834,67.765,47,44.531
19.132,110,17,42.231,6.8692,28.022,47.41,7.2491,43.364,7.878,76.662,5.316,60.139,16.249,13.295,25.885,10.286,5.5915,10.972,28.314,200.45,5.742,5.5267,10.002,41.357,60.909,16.044,35.488,2.6712,2.0049,16.838,5.212,85.148,16,14.211,7.177,94.84,90.999,23,11.466,100.68,47,162.64
19.119,193,11,42.261,7.2012,32.289,45.877,7.1749,45.077,7.918,79.905,5.278,57.579,16.428,14.192,25.736,10.544,5.9913,11.853,32.525,204.77,5.981,5.5407,11,44.766,65.945,16.504,39.496,2.9739,2.005,18.124,5.184,82.139,18,14.086,7.133,95.684,104.55,24,11.871,305.91,47,381.42
19.097,187,11,42.748,7.591,37.696,41.662,7.1123,47.008,7.958,80.712,5.239,54.463,16.931,14.557,25.586,10.8,6.5528,12.4,36.684,201.17,6.13,5.6089,12.002,46.552,70.044,16.936,40.95,3.2323,2.0051,19.001,5.155,76.126,20,13.997,7.088,92.718,121.98,25,12.072,431.76,47,565.36
19.539,197,13,44.458,8.1471,42.576,37.621,7.0873,48.665,8.072,85.524,5.2,50.637,17.775,14.667,25.437,11.067,7.1954,12.543,41.743,197.41,6.3,5.708,13.046,47.487,75.88,17.513,41.228,3.4424,2.0059,19.536,5.127,70.714,24,13.994,7.043,90.039,137.47,26,12.31,592.46,153,691.21
23.024,191,18,49.321,9.0168,45.951,35.035,7.1879,49.783,8.27,106.14,5.162,52.947,18.649,14.704,25.288,11.553,7.7295,12.471,49.471,194.2,6.471,5.7912,15.002,47.254,86.389,18.073,40.742,3.6972,2.006,20.031,5.098,69.73,29,14.041,6.998,88.325,154.89,27,12.748,598.27,153,772.52
100.74,191,23,62.72,10.451,51.897,62.073,7.7144,50.462,8.901,177.34,5.124,56.512,19.943,15.017,25.139,13.563,8.1794,12.568,62.58,198.38,7.065,5.8359,17,46.681,105.61,18.555,40.968,4.1474,2.006,21.369,5.069,95.419,34,14.12,6.952,89.684,172.32,27,15.592,613.76,153,849.97
168.26,177,32,85.944,12.65,68.252,95.566,9.6855,56.946,11.558,275.15,5.307,59.429,21.654,17.255,24.989,20.319,8.6782,12.976,78.869,221.53,9.269,5.8396,19,65.195,126.69,19.155,102.39,4.9179,2.0059,25.839,5.04,142.43,40,16.087,6.906,101.61,205.23,30,53.039,729.93,153,942.9
197.02,208,52,95.909,14.868,82.433,106.83,12.726,63.757,14.423,337.92,6.518,54.974,22.688,19.77,24.839,25.492,9.0625,13.752,93.824,242.52,11.7,5.816,21,90.673,139.96,19.392,127.44,5.5882,2.005,29.296,5.011,170.36,40,18.399,6.859,112.1,247.83,36,78.606,844.16,153,1386.3
191.1,280,40,95.176,16.328,96.897,98.809,15.502,68.724,15.65,347.42,7.995,50.484,23.06,20.893,24.688,28.324,9.2772,14.816,103.68,243.28,12.766,5.8085,22.998,103.16,143.83,19.22,134.93,6.0859,2.004,30.721,4.981,170.04,40,19.276,6.811,110.69,261.38,39,87.593,865.46,153,1709.6
174.85,209,26,91.658,16.986,111.06,83.913,17.62,72.4,15.903,326.2,9.46,51.929,23.807,20.987,24.537,29.98,9.6276,15.766,107.88,247.92,12.728,5.8614,24.952,102.43,142.42,19.065,130.01,6.3968,2.003,30.829,4.951,157.03,44,19.614,6.762,110.47,269.12,41,83.878,832.54,153,1841.3
161.48,365,23,88.72,17.154,121.92,70.077,19.16,74.864,16.162,302.29,10.59,53.279,25.307,20.551,24.387,31.175,10.099,16.207,107.63,254.1,12.338,5.9739,25.95,98.335,139.14,19.049,123.04,6.4823,2.0019,30.22,4.921,141.27,48,20.419,6.713,115.05,282.68,41,74.096,805.44,153,1634.1
152.57,218,21,86.307,17.103,128.19,59.653,20.296,76.119,16.586,289.57,11.087,53.676,26.964,19.947,24.237,32.212,10.49,16.193,104.57,255.98,11.853,6.0857,25.952,92.637,135.18,19.08,115.02,6.3753,2,29.254,4.89,128.14,52,21.623,6.664,122.45,294.29,41,64.261,772.52,153,1436.6
146.9,211,20,83.9,16.976,130.07,52.857,21.189,76.282,16.845,288.14,11.034,53.644,28.087,19.335,24.086,33.072,10.63,15.941,100.16,252.73,11.305,6.1468,24.998,85.942,130.71,19.035,107.44,6.1573,1.9981,28.147,4.86,119.42,62,22.609,6.614,127.53,294.29,41,58.313,729.93,153,1146.2
150.84,208,19,81.614,16.857,128.78,50.95,22.084,75.677,16.753,293.29,10.676,53.139,28.477,18.766,23.936,33.674,10.504,15.607,95.555,245.68,10.774,6.1417,23.998,79.021,125.89,18.875,102.61,5.9089,1.9969,27.055,4.829,120.49,62,23.077,6.565,129.4,286.55,41,57.922,691.21,160,894.5
151.85,170,24,79.843,16.796,125.65,50.375,23.123,74.637,16.374,295.07,10.21,51.496,28.31,18.241,23.785,33.96,10.202,15.265,91.187,235.78,10.295,6.0854,22.958,72.735,120.58,18.657,98.84,5.6963,1.9941,26.039,4.799,123.3,62,23.097,6.516,127.19,274.93,42,62.991,640.87,151,685.4
144.66,221,21,79.752,16.906,121.86,47.831,24.115,73.484,15.802,283.84,9.743,49.187,27.76,17.72,23.634,33.89,9.8321,14.925,87.218,224.13,9.808,6.0003,21.09,67.428,114.81,18.533,94.403,5.5892,1.992,25.152,4.768,121.23,62,22.828,6.467,120.96,261.38,42,70.925,598.27,142,575.04
138.21,151,17,84.264,17.491,117.36,46.26,24.987,71.758,15.014,269.67,9.296,47.124,27.092,17.055,23.483,33.379,9.5606,14.651,84.36,212.32,9.28,5.9091,21.008,60.62,110.3,18.816,87.551,5.7054,1.9893,24.493,4.737,116.19,62,22.228,6.416,112.41,247.83,43,74.974,538.25,135,383.36
135.36,155,19,101.31,37.24,113.16,45.416,26.394,70.435,14.826,258.53,8.84,53.168,26.501,16.84,23.331,33.423,9.7831,14.637,83.5,207.56,9.264,5.9073,21.092,59.434,107.84,20.292,89.034,6.3032,1.9903,25.077,4.705,112.29,62,22.038,6.365,106.24,238.15,44,75.998,522.76,156,303.98
142.32,166,28,275.73,44.423,115.39,47.225,31.073,72.817,15.596,258.36,8.937,62.081,27.547,19.155,23.181,38.217,11.617,16.419,85.969,215.84,9.886,6.777,23.005,71.56,108.16,24.872,102.84,7.9079,2.0512,30.107,4.674,116.64,113,23.473,6.316,107.04,236.21,90.999,79.98,493.72,182,274.93
188.96,136,39,404.25,56.518,260.74,52.901,44.921,90.504,18.096,276.44,10.681,73.749,44.935,29.881,23.032,98.221,35.002,26.425,92.902,258.2,11.547,10.537,25.009,224.57,112.06,71.535,135.73,21.962,3.0611,46.553,4.643,143.36,255.57,31.081,6.266,131.54,230.4,102.62,92.453,478.23,195,274.93
249.18,260,118.11,568.2,73.09,328.45,57.871,139.73,118.15,22.442,299.75,40.262,90.378,178.15,95.274,35.268,134.03,61.688,102.41,104.74,317.57,27.691,19.858,52.644,326.92,119.45,113.35,179.12,32.636,6.4806,141.54,7.169,188.35,334.95,46.971,6.441,177.94,226.53,141.34,111.08,441.44,206,249.76
318.86,770.59,203.3,774.81,93.706,528.36,72.666,222.6,174.21,61.475,314.24,83.502,218.4,349.75,144.3,66.604,195.8,96.436,191.59,121.64,439.58,37.397,65.006,64.176,442.55,128.24,164.99,261.98,46.961,25.17,205.85,12.822,252.13,348.51,183.94,9.153,223.03,232.34,172.32,137.14,398.85,193,238.15
350.38,1173.3,263.32,902.17,112.78,682.78,80.646,305.99,444.08,82.691,317.22,123.06,258.75,478.36,186.66,94.543,234.25,121.6,260.1,138.65,566.69,47.695,88.157,81.318,541.23,135.32,204.98,343.03,55.265,34.372,254.66,17.649,294.76,362.06,283.86,14.988,248.29,236.21,207.17,161.53,406.59,745.42,342.7
345.43,1709.6,300.1,933.32,124.5,767.99,77.831,357.63,499.68,94.858,313.21,140.75,277.64,502.57,204.75,110.72,244.5,129.53,281.01,150.77,625.16,52.832,102.29,98.461,589.5,138.48,216.64,377.88,56.255,36.862,270.69,20.622,293.46,389.17,323.36,21.607,256.56,240.08,230.4,170.84,398.85,735.74,364
329.88,1638,228.47,923.54,128.94,824.32,71.175,375.4,516.39,96.964,309.84,140.96,284.77,466.61,201.9,117.51,243.51,127.09,269.22,156.95,630.18,52.843,110.72,109.99,604.21,138.07,205.95,382.18,53.002,35.732,265.23,44.258,267.44,431.76,313.06,27.012,262.95,245.89,240.08,165.25,369.8,710.57,280.74
317.53,1426.9,176.19,902.96,129.04,862.34,64.76,374.39,515.13,93.828,309.88,132.24,281.85,418.32,191.29,115.84,242.02,121.69,245.77,158.56,611.42,50.22,115.99,114.23,596.95,135.18,188.45,374.41,48.644,33.521,253.87,47.167,235.01,431.76,287.69,30.17,274.6,249.76,242.02,154.3,342.7,697.01,207.17
309.82,1316.6,127.79,897.29,127.7,892.58,60.114,369.46,504.73,89.224,311.29,120.05,313.68,374.53,180.42,108.17,246.24,116.14,221.19,157.44,585.36,47.064,118.13,118.37,576.53,130.76,174.48,363.3,45.058,30.773,242.37,47.618,206.72,402.72,263.26,31.046,287.4,253.64,234.27,146.17,305.91,770.59,164.57
305.45,1295.3,90.999,917.35,127.04,921.43,58.923,370.66,492.07,87.051,310.31,108.83,317.33,339.68,173.07,98.604,262.83,110.84,202.62,155.26,561.33,45.35,118.29,127.68,553.93,125.46,168.19,355.05,43.941,28.407,234.49,45.951,187.64,375.61,248.52,30.396,294.78,251.7,220.72,147.34,278.81,619.57,133.59
300.57,1181.1,121.98,963.95,127.86,962.32,58.466,381.77,489.96,89.003,303.39,106.8,320.74,323.32,171.6,91.155,288.78,106.83,203.76,152.94,539.08,45.924,124.17,134.89,536.93,119.55,167.75,353.27,46.067,27.114,233.13,44.824,174.56,348.51,246.92,29.163,293.27,251.7,228.47,160.72,243.95,565.36,123.91
291.49,1258.5,156.83,1005.8,129.59,1000.1,57.902,394.9,490.85,93.404,289.84,114.42,313.04,320.3,171.85,88.501,317.1,103.21,211.62,150.23,516.16,47.96,131.27,129.35,524.87,113.28,168.31,358.5,48.64,26.814,232.76,44.299,163.63,348.51,247.23,28.654,282.48,245.89,240.08,180.05,211.04,586.65,116.17
282.79,1169.4,147.15,1012.5,130.93,1017.2,57.314,401.27,488.94,96.647,273.44,128.93,309.65,313.33,171.53,86.702,336.21,99.355,215.14,146.42,498.33,49.738,131.74,116.44,523.81,107.05,168.4,362.62,51.246,26.847,231.66,42.74,154.17,348.51,242.44,28.932,267.77,242.02,243.95,195.73,162.64,685.4,116.17
274.74,1190.7,121.98,1003.1,131.03,1016.5,55.618,399.47,477.73,96.033,256.13,136.47,308.64,304.29,170.25,91.394,359.45,97.594,216.09,140.83,473.72,49.67,129.53,108.99,516.39,101.28,170.45,356.68,54.53,28.463,230.56,41.834,144.77,348.51,227.94,29.895,252.2,232.34,245.89,202.31,120.04,731.86,100.68
269.47,1084.2,94.871,997.52,131.16,1012.2,54.007,397.9,487.46,96,239.97,137.32,313.83,332.13,171.06,105.31,386.53,100.22,225.7,133.79,468.78,49.492,133.32,112.83,523.28,96.201,177.33,356.87,59.54,32.055,232.65,44.295,137.93,348.51,230.36,33.301,237.18,230.4,243.95,202.21,104.55,654.42,79.382
263.24,1095.9,98.744,994.75,131.51,997.33,52.553,398.98,521.68,97.499,225.39,133.92,324.36,384.02,174.35,237.29,409.9,105.6,242.81,125.66,468.04,49.68,146.03,127.33,536.04,91.744,188.79,354.45,66.633,36.086,237.8,51.835,132.73,334.95,239.11,41.811,222.08,226.53,240.08,199.68,77.446,646.67,63.893
255.36,1080.4,106.49,994.12,132.23,972.02,51.306,405.26,565.78,99.727,211.97,131.14,320.88,437.43,179.53,307.58,428.41,111.56,260.82,116.86,464.37,50.065,160.5,132.85,547.02,87.69,201.8,347.23,74.46,40.87,245.12,61.626,127.88,321.4,250,108.52,207.19,220.72,238.15,198.11,102.62,598.27,61.957
246.16,1142.3,125.85,987.63,133.57,937.99,50.216,414.28,601.77,101.36,199.44,127.7,334.62,470.48,185.05,357.32,438.67,116.79,274.2,107.74,456.95,50.21,170.97,123.64,554.13,83.915,215.24,335.75,82.042,45.077,252.59,68.815,123.63,307.85,258.75,136.84,194.47,212.98,234.27,197.74,77.446,582.78,60.021
236.09,1028.1,127.79,975.03,134.96,898.49,49.192,425.95,696.94,102.19,187.67,130.05,342.83,502.28,193.55,471.36,444.21,122.54,290.58,98.622,447,50.156,181.42,109.05,564.81,80.35,228.18,320.86,90.097,51.132,264.15,82.972,119.66,294.29,266.98,180.53,183,207.17,218.78,197.35,85.191,544.06,54.212
225.62,1018.4,108.42,955.22,135.61,856.34,48.131,446.82,919.73,104.06,176.62,140.79,353.75,563.03,208.85,739.42,441.62,130.63,318.94,89.696,433.93,50.586,198.38,106.96,586.9,76.96,241.4,303.92,98.624,60.967,281.86,125.1,115.64,294.29,287.23,269.38,171.34,201.36,212.98,196.5,104.55,534.38,50.34
215.34,863.52,92.935,932.12,134.37,812.87,47.095,475.67,1194.3,109.19,166.32,166.19,384.46,615.1,224.96,961.18,432.05,138.2,340.53,81.055,418.73,52.231,215.07,114.33,622.1,73.754,252.94,286.14,105.04,68.24,298.77,170.02,111.86,307.85,311.97,363.69,160.34,207.17,209.1,194.56,100.68,516.95,34.851
205.52,1190.7,102.62,908.07,131.08,770.41,46.069,495.34,1359.2,113.36,156.77,179.84,421.75,630.2,234.56,1003.9,417.76,142.61,347.65,72.842,401.48,56.801,225.29,123.63,645.8,70.71,259.06,268.66,107.4,71.264,307.32,195.71,108.26,334.95,324.46,404.5,150.53,199.42,205.23,190.74,100.68,598.27,29.042
196.25,1357.2,141.34,882.19,126.24,730.3,45.052,498.97,1412.2,113.29,147.93,173.72,461.15,624.91,238.22,967.55,401,144.84,347.42,65.246,384,60.884,230.91,127.4,645.38,67.819,261.46,253.38,107.03,72.904,310.13,213.25,104.9,348.51,326.11,402.31,141.79,180.06,203.3,186.1,58.084,565.36,27.106
187.71,1082.3,172.32,853.2,120.47,692.68,44.181,497.98,1433.8,113.28,139.79,165.2,465.16,620.36,241.94,954.6,383.3,146.7,348.76,58.425,367.42,63.479,238.13,123.62,634.96,65.076,262.77,239.23,105.2,75.258,313.35,232.4,102.33,348.51,332.61,397.63,134.16,180.06,201.36,181.58,58.084,530.5,23.234
179.54,1088.1,166.51,821.18,114.32,657.23,43.306,493.97,1467.7,114.86,132.25,161.87,423.71,613.66,245.85,929.47,364.89,147.7,347.4,52.435,351.31,66.681,244.79,113.94,615.15,62.464,261.75,226.72,102.32,76.429,315.61,244.46,99.824,334.95,344.81,398.13,127.24,178.13,205.23,177.76,71.638,495.65,21.298
171.6,973.88,154.89,788.05,108.17,624.04,42.388,484.6,1480.5,115.76,125.23,162.4,417.7,596.7,247.5,891.64,346.26,147.02,343.76,47.269,335.71,69.01,246.26,98.486,587.51,59.984,258.11,215.11,98.856,76.416,314.76,247.71,97.03,321.4,350.79,405.43,120.66,160.7,193.61,173.24,63.893,501.46,19.361
163.96,956.46,160.7,755.95,102.27,596.12,41.513,469.94,1445.9,116.37,118.69,161.52,436.66,576.04,246.37,829.85,329.65,145.56,338.15,42.857,328.14,69.022,242.43,77.928,570.16,57.626,254.04,206.61,96.008,75.682,311.27,247.42,94.174,307.85,349.88,408,114.56,154.89,185.87,166.98,28,466.61,17.425
156.67,1053.3,147.15,724.45,96.699,569.96,40.644,452.77,1384.5,123.63,112.61,157.24,500.53,555.81,243.57,772.14,313.6,145.14,329.15,39.095,322.27,66.966,235.26,66.954,555.56,55.387,252.16,199.21,92.742,75.21,306.74,245.77,91.404,294.29,351.41,394.26,109.35,149.08,183.93,158.96,15,470.48,17.425
149.76,762.84,127.79,693.94,91.535,547.08,39.778,433.33,1346.3,132.53,106.95,152,447.83,532.6,241.53,735.89,297.7,145.4,319.83,35.877,312.09,63.544,228.23,78.282,533.06,53.263,247.85,190.95,88.927,75.138,304.15,243.45,88.875,280.74,356.43,374.3,105.03,133.59,178.13,150.25,15,474.36,15.489
143.22,954.52,106.49,665.14,86.809,526.98,38.922,411.41,1339.9,136.56,101.69,149.26,459.99,508.55,240.61,699.18,281.92,146.21,310.11,33.098,300.24,59.813,221.4,106.19,509.38,51.236,239.83,182.71,84.765,74.431,302.85,237.89,86.372,294.29,361.52,355.75,100.33,118.11,174.25,141.94,7,331.08,13.553
137,1008.7,104.55,637.98,82.581,507.93,38.084,389.26,1336.7,134.73,96.784,147.09,424.95,489.71,239.75,672.72,266.49,147.02,301.92,30.682,288.45,56.204,214.16,128.22,484.71,49.302,229.86,174.93,80.352,73.279,300.86,233.36,83.82,307.85,364.91,340.78,95.293,110.36,170.38,134.06,7,325.27,13.553
131.1,948.71,73.574,612.19,78.72,488.9,37.275,369.34,1312.5,130.16,92.215,146.37,414.2,472.28,238.55,658.62,251.53,146.45,295.32,28.564,276.68,52.824,206.74,120.5,464,47.457,219.68,167.54,75.818,71.986,298.17,228.95,81.307,307.85,370.39,328.91,90.6,102.62,166.51,126.66,8,393.04,15.489
125.5,1002.9,77.446,587.45,75.138,469.94,36.494,350.62,1263.3,123.84,87.957,141.35,410.95,454.49,235.98,660.21,237.12,144.7,291.06,26.694,264.87,50.274,202.68,83.423,442.49,45.699,209.78,160.47,71.291,70.716,293.06,224.77,78.875,321.4,377.68,314.91,86.424,100.68,164.57,119.8,15,393.04,17.425
120.16,844.16,75.51,563.61,71.783,450.93,35.737,332.2,1200.6,116.61,83.986,131.71,413.48,436.43,230.81,686.35,223.39,142.37,289.01,25.023,253,47.956,202.81,49.695,420.73,44.022,200.35,153.56,66.938,69.382,284.83,219.25,76.505,307.85,384.98,296.6,82.517,96.807,162.64,113.59,28,377.55,17.425
115.11,813.18,75.51,540.71,68.627,432.25,35.011,315.32,1133.6,109.66,80.284,119.92,391.82,419.27,223.86,689.97,210.19,138.59,288.56,23.518,241.59,45.693,204.42,41.61,399.7,42.417,191.5,146.91,62.873,67.756,274.41,212.65,74.271,307.85,392.07,277.12,78.803,89.063,160.7,108.08,22,342.7,17.425
110.29,749.29,71.638,518.83,65.665,414.06,34.297,299.14,1070.6,103.2,76.823,107.76,383.9,402.37,215.8,659.37,197.31,132.82,286.86,22.163,230.69,43.902,204.67,52.375,379.72,40.884,183.12,140.5,59.115,65.498,262.54,205.04,72.116,294.29,391.8,256.54,75.183,85.191,158.76,103.18,28,329.15,17.425
105.69,569.23,65.829,497.94,62.896,396.41,33.588,283.7,1010.8,97.055,73.583,96.331,376.7,385.87,207.21,615.5,184.68,125.42,282.27,20.947,219.35,42.272,202.68,65.107,358.98,39.42,175.17,134.11,55.629,62.673,249.86,196.36,70.025,294.29,383.26,238.9,71.682,83.254,156.83,98.72,25,321.4,8
101.32,710.57,67.765,478.15,60.363,379.37,32.893,268.83,952.22,90.666,70.563,86.108,365.8,370.15,198.34,564.43,172.11,117.07,272.07,19.869,210.07,40.677,198.01,63.51,342.52,38.032,167.57,128.49,52.441,59.467,236.93,186,68.007,280.74,371.49,222.87,68.331,39,149.08,94.196,22,315.59,7
97.158,662.16,63.893,459.51,58.117,363.24,32.208,254.72,892.72,85.51,67.746,77.034,372.65,355.21,189.19,514.42,160.13,108.6,257.29,18.934,201.22,39.102,190.17,54.297,326.61,36.725,160.6,123.22,49.492,56.168,224.11,174.5,66.04,267.19,358.71,208.52,65.299,35,143.28,89.316,15,315.59,7
93.204,528.57,50.34,442.39,56.27,347.95,31.534,241.44,836.49,81.194,65.12,69.368,375.61,341.01,180.09,472.42,148.91,100.37,241.96,18.173,192.81,37.643,179.71,46.754,312.01,35.511,154.06,118.24,46.752,53.021,211.95,163.35,64.135,255.57,346.13,196.5,62.557,33,137.47,84.745,15,273,5
89.446,373.68,108.42,427.85,55.049,333.4,30.866,228.97,784.39,77.225,62.689,63.105,347.79,331.53,171.36,437.47,139.04,92.929,230.4,17.643,184.85,36.345,168.76,44.913,298.15,34.421,147.85,113.57,44.208,50.156,201.19,158.68,62.272,294.29,333.35,185.98,59.992,31,133.59,80.468,15,273,5
85.882,598.27,178.13,418.85,54.903,349.92,30.756,217.31,759.63,74.956,60.479,58.723,311.33,323.4,165.13,411.39,133.98,86.364,220.7,17.458,183.63,35.877,157.76,50.626,288.41,33.507,141.96,118.48,41.831,47.784,194.27,155.86,60.476,280.74,321.52,176.63,57.595,32,127.79,76.793,10,269.12,4
82.571,650.55,367.87,407.68,55.25,357.96,30.514,206.65,740.17,73.448,58.63,55.403,305.14,312.96,159.8,388.33,128.66,80.466,211.25,17.636,183.67,35.736,146.17,62.046,279.93,32.862,136.39,125.03,39.606,45.484,187.42,150.06,58.752,307.85,310.89,168.71,55.368,33,121.98,73.812,10,307.85,4
80.071,582.78,313.66,396.68,55.457,361.54,30.278,197.56,714.32,71.324,57.649,52.607,313.27,301.01,153.62,367.93,123.23,75.192,202.21,18.234,179.64,35.209,134.95,75.219,269.8,32.678,131.19,125.47,37.526,43.279,179.76,143.59,57.18,321.4,299.93,161.32,53.293,30,120.04,70.925,9,414.34,6
77.874,898.37,162.64,392.3,55.846,365.47,29.836,192.16,684.72,68.861,57.446,50.295,318.34,289.22,146.85,353.25,121.34,70.633,193.58,19.381,173.93,34.452,124.94,82.615,261.09,33.083,126.53,123.05,35.604,41.329,172,137.1,56.108,348.51,289.47,154.27,51.354,29,116.17,67.876,7,491.78,9
78.488,451.12,168.44,404.85,57.413,376.99,32.324,197.62,657.42,74.029,58.861,50.841,334.76,280.49,141.02,340.98,139.8,66.615,186.07,21.422,169.04,37.588,116.4,77.353,266.16,34.471,122.89,125.76,33.867,39.819,165.72,130.59,60.195,348.51,286.59,147.37,53.275,28,112.3,65.421,8,582.78,9
78.354,635.06,247.83,407.44,59.126,381.98,33.89,207.63,631.55,80.948,60.574,53.577,350.93,272.73,135.66,328.14,149.65,62.987,179.24,23.456,164.93,41.53,109.01,70.263,275.24,35.958,119.16,128.81,32.231,38.247,159.33,123.54,63.544,348.51,285.41,140.87,55.879,29,112.3,63.519,15,774.46,12
77.03,817.05,214.91,399.2,59.599,383.43,33.708,212.24,606.09,83.198,61.339,55.767,329.3,264.03,130.07,315.11,150.75,59.661,173.18,24.794,160.07,42.992,102.05,74.317,276.71,36.764,115.01,127.98,30.69,36.599,152.6,116.23,63.403,375.61,279.93,134.71,55.788,31,116.17,62.557,17,890.63,15
75.336,1188.8,118.11,385.66,58.704,381.63,32.678,210.34,580.79,81.523,61.595,57.409,323.26,254.87,124.32,302.47,147.49,56.568,167.43,25.315,154.52,42.407,95.35,93.104,272.8,36.92,110.78,125.33,29.232,35.006,145.72,109.39,61.246,402.72,271.8,128.69,54.452,35,129.72,61.734,25,911.93,16
73.618,1155.9,89.063,371.76,56.903,376.06,31.53,204.46,555.75,78.033,62.108,57.275,294.02,246.07,118.63,289.74,142.75,53.668,161.63,25.166,148.77,40.76,88.995,115.23,266.63,36.696,106.75,121.62,27.848,33.472,138.91,103.09,58.538,402.72,263.74,122.84,53.955,35,127.79,60.472,33,855.78,16
71.796,925.48,71.638,358.61,54.659,367.15,30.632,196.95,531.49,74.271,63.165,55.252,284.96,237.37,113.14,277.22,137.72,50.965,155.73,24.554,142.95,38.793,83.163,118.73,258.09,18.717,102.96,117.06,26.541,31.976,132.32,96.339,28.945,389.17,256.5,117.32,28.171,37,123.91,59.236,20,774.46,14
69.756,933.22,94.871,345.8,52.237,354.7,15.508,189.21,506.75,70.495,33.232,52.104,276.35,229.96,107.78,265.14,132.5,48.541,150.73,12.218,70.413,36.75,78.364,96.246,246.67,18.379,99.342,110.9,25.336,30.52,126.05,91.152,27.894,362.06,249.38,112.12,28.443,39,120.04,58.412,22,722.18,14
67.496,958.39,110.36,333.21,49.929,341.63,15.259,181.79,486.83,67.15,33.558,48.696,284.96,222.85,102.91,254.16,127.01,46.309,146.25,11.678,67.75,34.988,73.994,62.615,235.07,17.96,95.843,106.51,24.258,29.156,120.32,86.273,27.071,334.95,242.29,107.27,28.24,40,118.11,57.806,25,547.93,12
65.086,815.12,178.13,320.92,47.738,328.1,15.079,174.68,471.9,64.106,33.391,45.362,306.84,216.29,98.651,246.14,121.4,44.162,142.14,11.117,65.153,33.495,70.507,42.057,223.84,17.513,92.426,102.23,23.199,28.076,115.39,81.62,26.412,307.85,235.13,102.73,27.545,39,112.3,56.756,22,526.63,10
62.681,656.35,152.96,308.89,45.637,314.57,14.878,167.62,459.66,61.32,32.831,42.291,304.36,211.43,94.753,238.53,115.55,42.1,141.75,10.576,62.614,32.229,78.813,49.248,213.34,17.149,89.148,98.066,22.151,26.996,110.76,82.267,25.851,294.29,228.02,98.486,26.597,38,108.42,56.766,19,466.61,9
60.431,642.8,145.21,297.3,43.575,302.78,15.034,159.67,450.17,57.839,32.374,39.556,294.68,206.28,90.867,230.42,109.3,40.136,141.31,10.098,60.345,30.651,89.938,73.202,217.97,17.022,86.062,93.607,21.125,25.844,106.31,83.866,25.158,294.29,220.02,94.633,25.293,35,106.49,56.948,13,385.29,6
58.354,689.27,131.66,286.65,41.821,291.76,14.999,152.01,441.71,56.024,31.904,37.616,265.02,200.1,87.117,222.46,102.82,38.289,138.85,9.7045,58.255,29.964,92.827,89.801,227.75,16.989,83.119,90.546,20.151,24.732,102.08,82.443,24.454,294.29,213.29,90.962,24.296,32,100.68,56.46,10,396.91,5
29.088,973.88,116.17,276.87,40.284,282.27,14.691,144.84,432.25,54.23,31.074,36.293,258.09,193.14,83.465,214.31,96.608,36.56,134.84,9.3652,56.195,29.271,89.431,82.6,227.25,16.835,80.337,87.438,19.257,23.666,97.983,79.603,23.765,280.74,206.7,87.245,23.348,29,94.871,54.952,9,360.12,5
28.132,770.59,50.34,268.27,38.953,274.22,14.291,138.36,420.94,52.661,30.08,35.25,269.9,186.24,79.973,206.3,90.805,34.969,129.79,9.0663,54.122,28.678,84.166,62.414,222,16.622,77.891,43.636,18.485,22.653,94.052,76.234,23.099,280.74,200.39,83.537,22.476,27,94.871,27.115,9,358.19,4
27.269,776.4,38.723,261.77,37.875,266.43,13.907,133.08,407.42,51.192,29.35,34.394,287.85,179.66,76.652,198.61,85.876,33.526,124.35,8.8123,52.147,28.109,79.119,51.277,215.22,16.471,76.135,42.24,17.828,21.687,90.316,72.282,22.464,267.19,194.33,79.973,21.67,26,92.935,25.859,12,315.59,4
26.494,793.82,67.765,260.18,37.17,258.69,13.586,130.7,391.76,49.8,29.204,33.321,297.28,173.46,73.56,191.38,84.664,32.31,119.25,8.6315,50.265,27.553,74.437,58.723,206.61,16.441,76.05,40.913,17.354,20.779,86.964,67.963,21.936,255.57,188.46,76.61,20.911,25,92.935,24.681,12,187.81,4
26.113,714.44,296.23,271.37,37.099,276.37,15.17,137.28,386.63,55.165,29.834,33.41,297.84,172.84,71.223,186.03,103.71,31.65,115.76,8.5878,65.802,30.607,69.992,78.842,217.33,16.586,80.226,45.302,17.208,20.026,84.815,64.342,22.396,255.57,189.75,73.789,20.399,19,90.999,24.982,12,327.21,4
25.658,1136.5,482.1,271.78,37.238,286.09,16.261,149.37,394.05,61.686,30.556,38.21,305.64,173,70.276,183.06,114.97,31.213,112.86,8.5992,83.745,34.262,65.436,88.223,233.52,16.68,83.524,50.582,17.046,19.447,84.343,61.217,23.453,242.02,195.05,71.74,21.079,20,110.36,25.65,9,462.74,4
24.979,1196.5,309.78,264.07,37.077,291.93,16.195,158.81,402.2,63.157,30.682,42.682,290.02,169.62,69.651,180.08,117.38,30.622,110.03,8.5812,89.065,35.228,60.615,80.95,236.11,16.562,83.347,52.065,16.88,18.812,84.058,58.205,23.868,267.19,195.73,70.259,21.804,21,108.42,25.282,7,526.63,4
24.249,1303,81.318,255.3,36.603,297.99,15.608,162.97,406.71,61.37,30.221,44.892,281.52,164.62,68.958,178.3,115.56,30.169,107.04,8.497,87.124,34.45,54.696,66.383,230.17,16.291,81.16,51.494,16.782,18.283,84.708,55.054,23.522,294.29,191.73,69.514,21.66,22,106.49,24.138,9,526.63,3
23.555,1202.3,125.85,248.04,35.989,301.96,14.946,163.13,429.32,59.018,29.501,45.137,286.88,165.9,71.862,187.63,112.35,30.442,105.65,8.3392,83.342,33.174,51.763,62.787,220.02,15.962,78.863,50.284,16.827,19,90.567,53.79,22.857,348.51,188.97,69.047,21.329,21,104.55,22.699,9,757.03,3
22.895,1148.1,238.15,241.63,35.352,301.85,14.345,161.2,450.72,57.06,28.875,43.714,305.47,168.49,75.363,194.31,108.84,30.945,104.26,8.1198,79.136,31.863,49.701,75.68,211.5,15.649,77.105,48.822,16.772,19.346,94.937,52.499,22.205,348.51,188.1,68.859,21.595,17,98.744,21.35,12,625.38,2
22.246,981.63,120.04,235.71,34.723,297.64,13.955,158.35,461.09,55.236,28.468,41.339,318.36,167.38,76.888,197.95,105.67,31.089,102.75,7.8562,74.47,30.562,47.714,91.942,201.26,15.322,75.883,47.111,16.72,19.265,97.218,50.913,21.666,321.4,186.64,69.153,22.335,15,98.744,20.409,11,435.63,2
21.695,1568.3,170.38,231.56,34.117,290.21,13.75,155.09,472.75,53.711,28.162,38.752,327.23,166.37,78.751,202.7,104.15,31.102,101.2,7.5663,75.156,29.542,45.894,88.494,191.34,14.962,75.568,46.011,16.786,19.464,100.46,49.682,21.246,294.29,185.43,70.102,22.917,14,98.744,20.121,10,445.31,2
21.095,1293.3,174.25,225.72,17.28,280.66,13.639,151.5,479.1,52.491,27.727,38.264,325.87,165.71,79.802,202.81,103.39,31.141,98.997,7.2569,76.998,28.847,44.469,73.738,184.02,14.549,74.495,45.005,16.663,19.487,101.47,48.561,20.931,267.19,183.48,70.669,23.003,7,94.871,20.594,15,484.04,2
20.418,1477.3,110.36,112.94,16.87,270,13.561,147.33,475.62,51.085,27.022,38.434,299.66,163.93,78.879,198.11,101.56,30.992,96.068,6.9337,75.315,28.163,43.379,62.236,177.25,14.081,72.251,43.513,16.333,19.152,99.969,47.134,20.65,255.57,179.63,69.763,22.593,10,47,21.549,11,480.17,3
19.698,1167.5,114.23,109.45,16.399,133.23,13.368,141.81,463.36,48.442,26.044,37.993,265.19,161.1,76.668,193.32,50.666,15.73,92.747,6.6035,69.456,26.872,42.417,56.245,86.032,13.572,35.842,41.008,8.2038,18.835,97.129,45.42,20.297,132,173.7,67.624,21.859,11,45,22.326,9,462.74,3
19.011,902.25,55,106.13,15.92,127.44,13.019,70.061,447.81,46.981,24.951,18.993,225.54,81.73,38.304,188.44,48.167,15.335,46.327,6.2815,66.863,13.554,41.47,26.955,82.337,13.073,34.508,39.554,7.9492,18.389,48.605,43.707,19.842,132,168.57,65.533,20.919,12,45,21.33,7,466.61,3
18.375,366,47,102.86,15.424,122.03,12.684,66.804,432.21,23.527,23.894,18.404,112.52,80.931,37.336,186.96,45.533,14.955,45.06,5.9766,64.229,13.23,20.866,23.958,78.925,12.594,33.343,38.177,7.7152,9.3899,47.388,42.498,19.31,132,84.739,64.001,20.124,11,44,20.325,7,466.61,4
17.872,375,36,99.627,14.917,117.04,12.361,63.708,215.53,22.855,22.964,17.978,113.23,80.11,36.598,192.87,43.189,14.571,43.962,5.6914,61.475,12.932,20.219,20.136,78.226,12.137,32.278,36.866,7.4786,9.4901,46.326,41.445,18.787,152,82.508,64.356,19.348,11,42,19.392,8,197,4
18.202,346,28,96.493,14.412,112.43,12.107,60.823,207.69,22.237,22.324,17.499,116.87,78.267,35.623,196.89,41.059,14.148,42.916,5.4268,58.726,12.655,19.56,19.008,78.159,11.707,31.232,35.631,7.2451,9.4392,45.06,40.502,18.353,166,80.215,65.63,18.641,10,40,18.541,9,188,3
18.282,488,20,93.541,13.923,107.97,11.844,58.19,201.19,21.645,21.791,17.045,115.06,76.554,34.682,200.28,39.039,13.796,42.187,5.1827,56.018,12.386,19.255,18.048,76.707,11.299,30.215,34.446,7.0301,9.391,43.846,21.093,17.932,159,78.116,66.82,18.066,9,39,17.772,7,165,3
17.969,365,23,90.892,13.461,103.83,11.559,55.95,195.07,21.124,21.148,16.674,115.97,75.29,33.733,202.97,37.305,13.531,41.557,4.9588,53.453,12.151,19.18,18.05,75.327,10.91,29.312,33.317,6.8596,9.427,42.662,21.385,17.522,152,76.269,68.042,17.653,9,38,17.104,8,154,3
17.639,316,35,88.328,13.028,99.885,11.262,54.118,188.89,20.612,20.434,16.265,116.85,73.896,32.688,201.01,35.694,13.405,41.447,4.7533,50.315,11.916,19.484,19.046,74.037,10.537,28.403,32.155,6.7478,9.3655,41.412,21.497,17.096,152,74.439,68.425,17.277,9,38,16.507,10,143,3
17.436,369,50,85.972,12.634,96.079,10.97,52.518,183.11,20.122,19.817,15.69,109.58,72.641,31.792,197.16,34.263,13.629,41.964,4.5655,48.372,11.688,20.175,20.956,72.137,10.184,27.532,31.198,6.777,9.2416,40.398,21.65,16.647,152,72.653,68.491,16.861,9,37,15.938,9,138,3
17.305,317,60,83.931,12.27,93.34,10.713,51.101,177.69,19.856,19.385,15.278,105.73,71.634,31.525,204.5,33.545,13.987,42.927,4.3939,46.792,11.577,21.272,21.996,74.942,9.8482,26.757,30.434,6.9618,9.6002,40.243,21.825,16.22,166,71.133,69.064,16.426,9,37,15.3,8,128,3
17.091,189,70,81.827,11.927,90.705,10.463,49.795,172.77,19.641,19.093,14.864,104.16,70.919,31.469,214.87,32.788,14.153,43.686,4.2377,45.34,11.488,22.373,22.954,78.328,9.5315,26.104,29.72,7.1121,9.8362,39.998,21.707,15.805,187,69.877,74.23,16.037,9,38,14.717,9,138,6
16.749,233,63,79.687,11.602,88.769,10.207,48.492,168.43,19.307,18.819,14.437,106.79,70.315,31.113,219.79,31.889,14.179,43.922,4.0967,43.786,11.332,23.282,22.994,78.249,9.2327,25.54,28.931,7.2049,9.7823,39.388,21.219,15.398,180,68.59,81.568,15.734,9,37,14.145,9,139,11
16.312,274,51,77.605,11.294,87.226,9.953,47.122,164.19,18.921,18.474,14.003,118.39,69.199,30.396,220.88,30.96,14.251,43.518,3.972,42.234,11.144,24.164,22.908,76.684,8.9528,24.954,28.114,7.2201,9.6631,38.465,20.421,14.991,180,67.207,87.309,15.43,8,37,13.579,10,145,9
15.83,355,43,75.618,11.004,85.637,9.706,45.694,159.33,18.567,18.03,13.505,117.27,67.815,29.501,217.74,30.053,14.384,42.53,3.8673,40.78,10.958,25.011,20.994,74.357,8.6959,24.306,27.321,7.1274,9.5306,37.348,19.559,14.589,180,65.767,90.072,15.061,8,36,13.03,8,145,7
15.35,250,33,73.723,10.736,83.797,9.469,44.231,153.18,18.253,17.5,13.031,116.51,66.122,28.537,108.74,29.148,14.405,41.168,3.7899,39.376,10.776,25.541,18.954,71.963,8.4721,23.625,26.548,6.9363,9.3234,36.116,18.643,14.2,166,64.32,88.813,14.634,9,33,12.511,7,145,5
14.899,345,26,71.965,10.5,81.685,9.248,42.747,145.69,17.936,16.948,12.547,111.14,64.305,27.575,103.63,28.286,14.222,39.68,3.7535,38.028,10.589,25.501,15.998,69.002,8.3,22.976,25.807,6.6872,9.0097,34.839,17.708,13.834,152,62.823,43.756,14.183,9,30,12.023,7,145,5
14.439,252,18,70.516,10.311,79.366,9.033,41.233,137.36,17.605,16.439,12.081,105.95,62.457,26.652,98.29,27.501,13.853,38.249,3.7843,36.69,10.4,24.926,13,65.797,8.2164,22.469,25.091,6.4223,8.6359,33.605,16.904,13.479,138,61.251,41.144,13.734,9,28,11.598,9,143,3
14.007,203,14,69.422,10.198,77.631,8.964,39.67,131.13,17.312,16.065,11.669,104.66,60.876,25.906,93.506,27.061,13.39,36.894,3.9317,36.982,10.24,23.943,10,63.016,8.2972,22.333,24.81,6.1728,8.26,32.625,16.163,13.145,125,59.767,38.677,13.408,8,26,11.226,8,139,3
13.591,252,15,68.447,10.194,75.564,8.86,38.168,126.08,17.025,15.804,11.353,105.58,59.367,25.333,89.582,26.469,12.864,35.651,4.2308,37.541,10.087,22.807,7.0022,60.553,8.5614,22.116,24.619,5.947,7.9257,31.817,15.483,12.821,113,58.315,36.506,13.13,7,25,10.857,7,139,3
13.252,303,11,68.429,10.374,73.91,8.67,36.791,121.77,16.69,15.745,11.078,103.29,57.919,24.75,85.746,25.786,12.362,34.509,4.7885,37.105,9.909,21.65,4.0483,57.496,9.1212,21.729,24.189,5.7345,7.5875,31.097,14.854,12.509,106,56.801,34.591,12.812,7,24,10.474,6,141,3
13.537,262,12,71.588,10.911,78.324,9.434,35.721,118.51,16.518,16.551,10.934,101.38,56.626,24.252,83.214,25.66,11.894,33.649,5.8473,36.631,9.819,20.827,2.0523,55.516,10.328,21.42,25.191,5.5549,7.3397,30.544,14.306,12.349,101,55.536,32.718,12.525,6,25,10.213,7,138,4
14.092,373,16,80.945,11.86,85.105,12.088,34.94,115.67,17.052,18.805,10.962,99.976,55.617,23.731,81.593,27.695,11.455,32.83,7.5557,38.936,10.114,20.136,1.0944,53.78,12.419,21.206,27.143,5.3817,7.1287,29.914,14.386,12.375,101,54.344,31.495,12.585,7,26,10.628,6,136,7
14.168,318,19,84.207,12.793,90.044,13.434,34.259,113.03,17.611,20.892,11.036,98.541,54.577,23.155,79.764,28.836,11.045,31.922,9.2718,41.512,10.421,19.369,2.0086,52.24,14.364,20.913,28.324,5.1998,6.9001,29.165,14.568,12.303,95,53.058,30.436,12.779,8,25,11.083,8,165,18
13.937,221,18,83.058,13.386,95.521,13.102,33.608,110.43,17.621,21.574,11.153,89.879,53.343,22.521,77.745,29.014,10.661,30.96,10.527,42.042,10.435,18.607,3.0944,50.692,15.447,20.53,28.764,5.0104,6.6455,28.296,14.496,12.07,95,51.694,29.504,12.802,10,24,10.985,9,209,16
13.774,249,12,81.447,13.692,101.1,12.143,33.313,107.88,17.408,21.441,11.314,82.382,52.022,21.849,75.6,28.818,10.302,29.998,11.238,41.755,10.32,17.964,6.0523,49.187,15.864,20.201,29.099,4.8219,6.384,27.369,14.566,11.803,95,50.314,28.609,12.722,9,23,10.494,9,200,14
13.939,98,8,80.519,13.85,105.12,11.251,34.495,105.41,17.308,21.623,11.401,83.331,50.716,21.186,73.277,28.567,9.9678,29.074,11.49,41.549,10.206,17.439,10.048,47.809,15.989,20.227,29.362,4.644,6.1368,26.485,14.684,11.977,95,48.968,27.622,12.747,8,21,9.876,6,185,13
15.939,229,4,79.638,13.922,106.83,10.858,40.803,102.96,17.29,22.778,11.328,84.718,49.707,20.704,72.096,28.336,9.6632,28.216,11.407,41.204,10.079,16.959,15,46.502,15.989,21.284,29.327,4.4859,6.0265,25.868,14.565,17.147,89,48.367,26.574,19.298,8,19,9.376,6,163,10
17.3,166,50,78.228,13.898,106.26,10.743,49.722,100.51,17.188,24.528,11.104,93.674,49.518,20.284,70.808,28.115,9.4035,27.531,11.095,40.169,9.907,16.492,19.954,45.372,15.84,22.234,28.849,4.3543,5.8949,25.285,14.254,21.683,89,47.926,25.54,26.701,8,17,9.225,6,141,9
18.349,139,96,76.4,13.761,105.44,11.013,57.818,119.93,16.998,26.301,10.806,102.2,49.635,19.915,70.914,28.005,9.2094,26.955,10.641,40.321,9.729,16.027,23.993,46.036,15.524,23.033,28.241,4.266,5.8176,24.801,13.826,23.92,89,48.463,25.111,30.069,8,15,9.612,6,143,8
18.751,242,195,74.25,13.499,103.43,11.291,64.113,138.85,16.743,27.382,10.715,99.076,49.274,19.54,71.605,27.912,9.1178,26.389,10.1,40.406,9.559,15.582,27.904,49.211,15.048,23.614,27.483,4.2028,5.734,24.259,13.312,24.066,89,49.01,25.781,30.513,8,15,10.522,6,143,7
18.864,271,151,71.969,13.116,101.25,11.398,69.18,146.47,16.409,27.386,10.682,97.376,48.547,19.087,71.829,27.71,9.3556,26.273,9.5108,39.572,9.375,15.592,29.902,51.657,14.459,24.415,26.413,4.1891,5.6079,23.674,12.777,24.112,101,48.752,27.049,32.809,8,16,11.697,7,150,5
19.024,579,120,69.774,12.657,99.253,11.208,73.161,147.67,15.969,26.631,10.774,93.526,47.586,18.599,72.201,27.273,9.6612,26.249,8.917,38.29,9.147,15.735,29.945,52.605,13.869,24.969,25.474,4.1702,5.5082,23.105,12.169,23.734,106,48.208,28.629,36.211,7,17,12.478,7,139,5
19.717,562,76,68.192,12.215,97.172,10.879,75.552,146.15,15.688,26.075,10.91,87.725,47.444,18.106,72.671,26.563,9.7691,26.497,8.4135,37.83,9.014,15.738,28.906,53.946,13.511,25.28,24.685,4.1448,5.4946,22.546,11.85,22.855,119,47.806,29.781,38.231,7,18,11.889,7,134,4
21.136,503,63,67.132,11.806,95.168,10.776,76.697,143.24,15.448,26.324,10.906,90.824,47.326,17.632,71.823,25.771,9.8327,26.703,8.0601,37.449,8.896,15.686,25.996,55.109,13.459,25.397,23.971,4.1273,5.4342,21.979,11.573,22.29,132,47.561,29.766,39.113,7,19,11.344,8,130,4
21.76,531,32,66.015,11.443,92.497,10.651,77.036,139.45,15.206,26.922,10.738,85.749,46.518,17.177,69.712,24.98,10.031,26.595,7.8934,36.73,8.767,15.728,22.998,54.917,13.743,25.356,23.269,4.1371,5.2937,21.404,11.258,21.908,125,47.146,28.83,39.374,7,19,10.823,8,128,3
21.768,335,29,65.415,11.144,89.22,10.436,77.019,135.2,14.947,27.666,10.46,81.665,45.338,16.744,67.105,24.224,10.362,26.198,8.0051,35.633,8.626,15.927,19.954,53.416,14.576,25.21,22.546,4.2469,5.108,20.865,11.017,21.708,125,46.397,27.515,39.054,8,19,10.332,11,123,3
23.367,355,28,66.836,10.952,89.887,12.213,77.505,130.79,14.7,30.079,10.135,85.078,44.337,16.38,64.561,23.591,10.947,25.691,8.6143,34.367,8.494,16.239,16.002,51.242,16.57,25.156,22.261,4.6215,4.936,20.525,10.816,23.134,119,45.585,26.165,39.002,8,19,9.892,10,117,3
